Title,Definition,Source
Adopting from overseas ,"The law on adoption is different depending on which country you're adopting from. Some countries may not allow adoption by a same-sex couple, even if you are civil partners. If you want to adopt from outside the UK, you will need advice from an expert on overseas adoption.",https://www.citizensadvice.org.uk/family/living-together-marriage-and-civil-partnership/living-together-and-civil-partnership-legal-differences/
Adoption,"Two civil partners or a couple living together can jointly adopt a child. You may choose legally to adopt your partner’s child. If you are in a civil partnership, this procedure will be straightforward and not involve an agency, as long as the applicant has lived with the child for at least six months. If you're not in a civil partnership, the procedure is likely to take longer.",https://www.citizensadvice.org.uk/family/children-and-young-people/young-people-and-family/
Armed forces pensions  ,"If you are claiming a War Pension, or claiming a War Widow(er) pension and you are moving abroad, you should get advice on your pension. You can get advice from Veterans UK. Their contact details are:",https://www.citizensadvice.org.uk/benefits/armed-forces-and-veterans/benefits-and-concessions-for-the-armed-forces-veterans-and-their-families/
Bankruptcy,"You might be able to declare yourself bankrupt if you can't pay your debts and the amount you owe is more than the value of the things you own. The bankruptcy period usually lasts 12 months. If you go bankrupt, most of your creditors won’t be able to contact you about your debts or take you to court.",https://www.citizensadvice.org.uk/debt-and-money/debt-solutions/bankruptcy/before-you-go-bankrupt/check-if-going-bankrupt-is-right-for-you/
Beneficial joint tenants  ,"If you own your property as a beneficial joint tenant, this means that it belongs to you and the other owner(s) jointly. You can't re-mortgage or sell the property without the agreement of all the other owner(s). However if there is a dispute, an owner can apply for a court order. As a beneficial joint tenant, you don't own specific shares in the property and you can't give away a share of the property in a will. If you die, your interest in the property passes automatically to the other owner(s).",https://www.citizensadvice.org.uk/housing/buying-and-selling-a-home/buying-a-home/
Benefit fraud  ,"It could be benefit fraud if your Carer’s Allowance is affected because you: Your circumstances can be checked at any time while you are claiming and fraud officers can also get information about you from other government agencies and from your employer, bank or utility companies. Benefit fraud is a criminal offence and you can be prosecuted or asked to pay a penalty. If you are being investigated for benefit fraud, your benefit will be suspended. If you committed benefit fraud, your benefit can be reduced or stopped in the future.",https://www.citizensadvice.org.uk/benefits/sick-or-disabled-people-and-carers/carers-allowance/
Benefits abroad  ,"If you are a veteran living abroad, or you are serving in the armed forces abroad, you and your dependants may still be able to claim some benefits in the UK. You may be able to claim: If you are refused a benefit you think you should get,you can contact the Royal British Legion for help to appeal for overseas support.",https://www.citizensadvice.org.uk/benefits/armed-forces-and-veterans/benefits-and-concessions-for-the-armed-forces-veterans-and-their-families/
Benefits and civil partnerships  ,"If you are civil partners, the money you have coming in and your financial needs are looked at jointly when deciding if you are entitled to means-tested benefits. Entitlement to some benefits depends on whether or not you have paid enough national insurance contributions. These benefits include: You can claim bereavement benefits or, in some cases, a retirement pension, based on your partner’s national insurance contributions.",https://www.citizensadvice.org.uk/family/living-together-marriage-and-civil-partnership/living-together-and-civil-partnership-legal-differences/
Benefits in the UK  ,"Veterans, people serving in the armed forces and their dependants may be able to claim a range of benefits in the UK. These include: You can use a benefit calculator tocheck what benefits you can get. You’ll need to know details about your: Work out what benefits you might get using a calculator.",https://www.citizensadvice.org.uk/benefits/armed-forces-and-veterans/benefits-and-concessions-for-the-armed-forces-veterans-and-their-families/
Bereavement benefits,"Bereavement benefits are payments made by the Department for Work and Pensions to widows and widowers or to a surviving civil partner. For more information about bereavement benefits, seeExtra money you can get when someone dies.",https://www.citizensadvice.org.uk/family/death-and-wills/what-to-do-after-a-death/
Bigamy  ,"If you marry in the United Kingdom and are already legally married, the marriage will be bigamous and therefore is void. Although it is a criminal offence to marry someone when you are already married, prosecution is not automatic.",https://www.citizensadvice.org.uk/family/living-together-marriage-and-civil-partnership/getting-married/
Blessing ceremonies  ,"Even if you are not allowed to marry in a religious ceremony, for example, because you belong to a religion that does not permit marriage of people who are divorced, it may be possible to arrange for your relationship to be blessed in a religious ceremony. This is at the discretion of the religious official concerned.",https://www.citizensadvice.org.uk/family/living-together-marriage-and-civil-partnership/getting-married/
Blue Badge Scheme  ,"You may be eligible for a Blue Badge if you are a disabled veteran or a member of the armed forces. If you are currently in the armed forces and are no longer resident the UK, you or a member of your household can apply to the Ministry of Defence for a blue badge. If you've kept your UK residency, you should apply to your local authority. For more information about the war disablement pension, seePension and compensation schemes for the armed forces, veterans and their families.",https://www.citizensadvice.org.uk/benefits/armed-forces-and-veterans/benefits-and-concessions-for-the-armed-forces-veterans-and-their-families/
Care order,Your local council can apply for a care order if they think your child is suffering significant harm because you and your child’s other parent either: aren’t giving your child the right amount or kind of care or can’t control your child’s behaviour.,https://www.citizensadvice.org.uk/family/children-and-young-people/protecting-children/court-orders-to-protect-children/
Caring,"You’re probably a carer if all of the following apply: you do things like helping someone to wash, dress and eat; taking them to regular appointments, doing their shopping or keeping them company, you aren’t paid to look after the person you’re caring for, you spend a lot of time caring for the person - there’s no legal definition of this, but it could mean anything from a few hours a day, to 24 hours a day, 7 days a week.",https://www.citizensadvice.org.uk/family/looking-after-people/carers-help-and-support/
Child arrangements order,"If your relationship ends and you have children, you’ll need to agree where your children live. You’ll also need to decide how much time they spend with each of you. This is called making 'child arrangements'.",https://www.citizensadvice.org.uk/family/making-agreements-about-your-children/making-child-arrangements/
Child maintenance,"You're both responsible for the cost of looking after your children after you separate - even if you’re not married or in a civil partnership. If you’re the parent who moves out, you might have to pay maintenance to the parent who looks after the children. It’s usually best if you can arrange this between yourselves - this is called a ‘family based child arrangement’.",https://www.citizensadvice.org.uk/family/how-to-separate1/deciding-what-to-do-when-you-separate/
Civil partnerships,"A civil partnership is a legal relationship which can be registered by two people. Civil partnerships are available to both same-sex couples and opposite-sex couples. Registering a civil partnership will give your relationship legal recognition. This will give you added legal rights, as well as responsibilities.",https://www.citizensadvice.org.uk/family/children-and-young-people/young-people-and-family/
Codicils,"A codicil is a supplement to a will which makes some alterations but leaves the rest of it intact. This might be done, for example, to increase a cash legacy, change an executor or guardian named in a will, or to add beneficiaries. A codicil must be signed by the person who made the will and be witnessed in the same way. However, the witnesses do not have to be the same as for the original will. There is no limit on how many codicils can be added to a will, but they are only suitable for very straightforward changes. ",https://www.citizensadvice.org.uk/family/death-and-wills/wills/
Compensatory rest breaks  ,A compensatory rest break means that you can take the break at a later time. It should be taken within a reasonable time from when you missed the break and should last as long as a specific rest break would have lasted. You might be entitled to compensatory rest breaks if: Read more aboutwho’s entitled to compensatory rest breaksat GOV.UK.,https://www.citizensadvice.org.uk/work/working-hours-and-rest-breaks/rest-breaks-at-work-overview/
Completion  ,"Completion of the purchase usually takes place about four weeks after exchange of contracts, although it can be earlier. On the day agreed for completion:- The solicitor or licensed conveyancer (in England and Wales only) will usually send their account to you on, or soon after, the completion date.",https://www.citizensadvice.org.uk/housing/buying-and-selling-a-home/buying-a-home/
Conditional fee agreement  ,"A conditional fee agreement means that your solicitor will receive no fees if you lose your case. You may, however, have to pay the legal fees and expenses of the other side. Your solicitor will normally ask you to take out insurance to cover this situation. If you win your case, your solicitor's fees and expenses will normally be paid by the other side.",https://www.citizensadvice.org.uk/law-and-courts/claiming-compensation-for-a-personal-injury/personal-injuries/
Council tax arrears  ,"If you’ve missed a Council Tax payment, you’re in 'arrears' - this means you owe money to your council. You shouldread our advice about dealing with Council Tax arrears.",https://www.citizensadvice.org.uk/housing/council-tax/paying-council-tax/
Council Tax Relief  ,You may be able to get a tax-free relief payment for your council tax or contributions you pay instead of council tax. You may be able to get a relief payment if you are serving abroad in the armed forces and pay: Payments are issued at the end of your time abroad. They are based on the number of days served abroad. If you have served tours in Afghanistan and Iraq you should receive payments covering any period of service abroad since 1 October 2007.,https://www.citizensadvice.org.uk/benefits/armed-forces-and-veterans/benefits-and-concessions-for-the-armed-forces-veterans-and-their-families/
Credit checks  ,"Your letting agent and some landlords will do a credit check to see if you might struggle to pay your rent. They must get your permission first. It’s less common for private landlords to do credit checks because they can make it take longer to rent out a property. Most landlords and letting agents can only see basic information, like where you've lived and whether you've been insolvent, bankrupt or have a Debt Relief Order (DRO).",https://www.citizensadvice.org.uk/housing/starting-to-rent-from-a-private-landlord/information-landlords-ask-for-when-you-start-renting/
Credit reference agencies  ,Credit reference agencies are companies which are allowed to collect and keep information about consumers' borrowing and financial behaviour. The 3 credit reference agencies are: Experian -www.experian.co.uk,https://www.citizensadvice.org.uk/debt-and-money/borrowing-money/how-lenders-decide-whether-to-give-you-credit/
Credit scoring  ,"Credit scoring is a system used by creditors to decide how much of a risk it is to lend to you. When you apply for credit, you complete an application form which tells the lender lots of things about you. Each fact about you is given points. All the points are added together to give a score. The higher your score, the more credit worthy you are. Creditors set a threshold level for credit scoring. If your score is below the threshold they may decide not to lend to you or to charge you more if they do agree to lend. Different lenders use different systems for working out your score. They won't t...",https://www.citizensadvice.org.uk/debt-and-money/borrowing-money/how-lenders-decide-whether-to-give-you-credit/
Debts  ,"The person who has died may have left debts, for example, an overdraft on their account or a credit agreement that has not been paid off. When someone dies you should try to contact all their creditors. You should place a notice on The Gazette website. This is the official public record of legal notices in the UK. You should also put a notice in a local paper where the deceased person lived or worked. 

These notices tell creditors they can make a claim against the estate to pay off the debt. If you don't place a notice and creditors come forward after you've paid out the estate, you might hav...",https://www.citizensadvice.org.uk/family/death-and-wills/dealing-with-the-financial-affairs-of-someone-who-has-died/
Disability discrimination  ,"If your claim is about disability discrimination by a school, you need to make your discrimination claim in the First-Tier Tribunal (Health, Education and Social Care Chamber) - (Special Educational Needs and Disability) or SEND instead of the county court. The claim must be made within 6 months of the discrimination happening. If your claim is successful, the tribunal can order the school to, for example, give you an apology, change a policy or carry out staff training. But it can’t order to school to pay you compensation.",https://www.citizensadvice.org.uk/family/education/taking-action-about-discrimination-in-education/
Disabled facilities grants  ,"A disabled facilities grant is a grant that you can get from your local authority for work that is essential to help a disabled person live an independent life. You can, for example, get a disabled facilities grant for the following things:- A local authority must give you a disabled facilities grant if you meet the conditions for getting one.",https://www.citizensadvice.org.uk/housing/improving-your-home/help-with-home-improvements/
Discrimination  ,"It's against the law for you to be treated unfairly because of age, disability, gender reassignment, pregnancy or childbirth, race, religion, sex or sexual orientation when benefits are paid to you. Also, the Department for Work and Pensions, HM Revenue and Customs and most local authorities have policies which say they will not discriminate against you because of other things, for example, if you have caring responsibilities. If you feel that you've been discriminated against when you are paid benefits or tax credits, you can make a complaint about this. For more about discrimination, see our...",https://www.citizensadvice.org.uk/benefits/benefits-introduction/payment-of-benefits-and-tax-credits/
Dishonesty Register  ,"You may have been told by Retail Loss Prevention that your details will be kept on a national database of incidents of dishonesty. They may also have told you that the information can be used by companies, for example in making a decision about whether to employ you. You have a right to find out what information is held about you on the database. Any information held about you on the database must have been proven, relevant and relate to you.",https://www.citizensadvice.org.uk/law-and-courts/legal-system/a-business-takes-legal-action-against-you-to-recover-losses-for-theft/
Dissolution,"If you want to end your civil partnership, you can apply for a dissolution. You don’t need to give a reason to get a divorce or dissolution - this is sometimes called ‘no fault’.",https://www.citizensadvice.org.uk/family/how-to-separate1/getting-a-divorce-or-dissolution/
Divorce,"If you want to end your marriage, you can apply for a divorce. You don’t need to give a reason to get a divorce or dissolution - this is sometimes called ‘no fault’.",https://www.citizensadvice.org.uk/family/how-to-separate1/getting-a-divorce-or-dissolution/
Domestic violence,"If your partner is violent towards you or your children, you can apply to a court for protection. You can do this whether you are a civil partner or living together. However, if you aren't a civil partner, there are fewer things the court can do to protect you. If a man rapes his partner, he can be convicted of this offence. This applies whether you are civil partners or living together. He can also be convicted of sexual assault. A woman cannot legally rape another woman, although she may be charged with other offences, such as sexual assault.",https://www.citizensadvice.org.uk/family/living-together-marriage-and-civil-partnership/living-together-and-civil-partnership-legal-differences/
Donation of organs  ,"The person who died may have wanted to donate organs for transplant. This will be easier if they were on the NHS Organ Donor Register, carried a donor card and had discussed the donation plans with their family. Relatives will still be asked to give their consent before donation. Most organ donations come from people who have died while on a ventilator in a hospital intensive care unit. For more information about organ donation and transplantation, contact:",https://www.citizensadvice.org.uk/family/death-and-wills/what-to-do-after-a-death/
Economic abuse,"Economic abuse happens where a perpetrator uses financial means to control you and may include any of the following: If you have been pressurised or bullied to take out loans or credit in your name, the debt may be unenforceable -you should talk to an adviser.",https://www.citizensadvice.org.uk/family/gender-violence/domestic-violence-and-abuse/
Emergency protection order,"Your local council will apply for an emergency protection order if they think both of the following apply: your child is suffering significant harm - or is about to suffer significant harm unless your local council gets involved, they must take action straight away because the situation is urgent.",https://www.citizensadvice.org.uk/family/children-and-young-people/protecting-children/court-orders-to-protect-children/
Exceptional case funding  ,"If you can't get legal aid, there's a small chance you might get help through 'exceptional case funding'. You canfind out how to apply for exceptional case funding without using a legal professional on the Public Law Project website. You canask your nearest Citizens Adviceif they can help you apply.",https://www.citizensadvice.org.uk/law-and-courts/legal-system/finding-free-or-affordable-legal-help/
Family visas  ,"There weren't any changes to family visas in the white paper. The government have said there will be a consultation on family visas - we don’t know when this will happen. If you’re in the UK on a family visa, you need to live in the UK for 5 years to apply for indefinite leave to remain. We don’t expect this to change to 10 years after the rules change. You cancheck the rules for applying for indefinite leave to remain. The new rules will mean that it might be harder for family members to get visas. This includes if they:",https://www.citizensadvice.org.uk/immigration/how-changes-to-immigration-rules-might-affect-you/
Female genital mutilation,"Female genital mutilation (FGM) is when part or all of a girl or young woman's genitals are removed or injured for non-medical reasons. It's sometimes called ‘female genital cutting’ or ‘female circumcision’. Some communities use local names for referring to FGM, for example ‘sunna’. FGM is a criminal offence. ",https://www.citizensadvice.org.uk/family/gender-violence/domestic-violence-and-abuse/
Final charging orders  ,"After you’ve been served with an interim charging order, you have 28 days to object to a final charging order. You must send your objection in writing to the court and the creditor. If you send an objection, there’ll be a hearing at your local county court, and a judge will decide whether to make the final charging order. If you don’t send any objections, the judge will decide whether the charging order can be made final without a hearing. If a judge has already arranged a hearing after making a decision about the interim charging order, you must send your objection to the court and the credit...",https://www.citizensadvice.org.uk/debt-and-money/action-your-creditor-can-take/charging-orders/
Financial Conduct Authority  ,"The Financial Conduct Authority (FCA) is the body responsible for regulating banks and building societies. They aren't able to get involved in individual complaints, recommend firms or give legal or financial advice. However, the FCA is interested in hearing about cases where a bank or building society appears to be in breach of its obligations. The FCA may, where appropriate, fine the bank or building society.",https://www.citizensadvice.org.uk/debt-and-money/banking/getting-a-bank-account/
Forced marriage,"A forced marriage is where you are pressurised into it against your will. You may be emotionally blackmailed or physically threatened usually by your family. It is not the same as an arranged marriage where both parties are aged over 18 and agree to get married. From 27 February 2023, it's illegal for someone to arrange your marriage if you're under 18 years old. It will be a forced marriage even if you agree to the marriage and weren't pressured into it. In England and Wales, forced marriage is a criminal offence. ",https://www.citizensadvice.org.uk/family/gender-violence/domestic-violence-and-abuse/
Forced Marriage Protection Orders,"If you are being forced into marriage or are already in a forced marriage, you can apply to the county court for a Forced Marriage Protection Order to protect you. A Forced Marriage Protection Order can stop families from doing certain things, including: It can also require family members to reveal where you are. The police can also apply for a Forced Marriage Protection Order. If someone breaks the order, it is a criminal offence and they could be sent to prison for up to five years in England and Wales.",https://www.citizensadvice.org.uk/family/living-together-marriage-and-civil-partnership/getting-married/
Graduate visas  ,"If you’re a student and you graduate from a UK university, you can currently apply for a ‘Graduate visa’ to stay in the UK for 2 or 3 years. From 1 January 2027, if you graduate with a PhD you’ll still be able to stay in the UK for 3 years. If you graduate with a Bachelor’s or Master’s degree, you’ll only be able to stay in the UK for 18 months. If you’re already on a Graduate visa, the new rules will not affect you.",https://www.citizensadvice.org.uk/immigration/how-changes-to-immigration-rules-might-affect-you/
Harassment and stalking,"Harassment happens when you receive unwanted behaviour from another person which alarms or distresses you. Examples of harassment include malicious phone calls, threatening texts, threatening and insulting language and damage to property. Stalking is a form of harassment and might include behaviour such as: It's a criminal and civil offence for another person to harass or stalk you. You should report the matter to the police, they might be able to apply for a stalking protection order (SPO).",https://www.citizensadvice.org.uk/family/gender-violence/domestic-violence-and-abuse/
Honour-based abuse,"Honour-based abuse is defined as an incident or crime which has or may have been committed to protect or defend the honour of the family and or community. Honour-based abuse happens where a person is punished by their family or community for doing things that are not in keeping with the traditional beliefs of their culture. For example, you may be a victim of honour-based abuse because you: Honour-based abuse may include domestic abuse, sexual or psychological abuse, assault, forced marriage or sending someone back to their country of origin. ",https://www.citizensadvice.org.uk/family/gender-violence/domestic-violence-and-abuse/
Housing benefit,"You might be able to get Housing Benefit to help pay your rent if you’re on a low income or you claim benefits. Housing Benefit is paid by your local council. Most people can’t make a new claim for Housing Benefit. You can only make a new claim for Housing Benefit if one of the following applies: you, and your partner if you've got one, have reached State Pension age; you or your partner has been getting Pension Credit since before 15 May 2019; you live in temporary accommodation; your landlord’s a county council, charity or housing association and they give you care or support; you get accommodation from a county council, charity or housing association because you need care or support.To claim Housing Benefit you usually have to: have a low income or be claiming other benefits
be at least 16 years old – if you’ve been in care you’ll need to be at least 18; either have less than £16,000 in savings or be getting the guarantee part of Pension Credit. If you live with your partner, only one of you needs to claim Housing Benefit – it doesn’t usually matter who makes the claim. You’ll need to put your and your partner’s details on the form. Your local council will look at both your incomes to decide how much Housing Benefit you’ll get. There are other circumstances that might affect whether or not you can get Housing Benefit.",https://www.citizensadvice.org.uk/benefits/help-if-on-a-low-income/housing-benefit/help-with-your-housing-benefit-claim/check-if-you-can-get-housing-benefit/
Illegal eviction  ,"You have the right not to be harassed or illegally evicted by your landlord. Harassment and illegal eviction are criminal offences, which means that your landlord could be prosecuted. They are also civil offences, so you could take legal action in the county court to stop your landlord's behaviour and/or claim compensation for what you've suffered.",https://www.citizensadvice.org.uk/housing/university-accommodation/student-housing-rights-and-responsibilities-in-halls/
Illegal money lending  ,"You may have borrowed money from a money lender who is not FCA authorised. These lenders are often called loan sharks and they may physically or verbally threaten you if you can't pay back the money. They also charge extremely high rates of interest, which means you may end up owing much more money than you originally borrowed. It's important to remember that loan sharks are breaking the law by lending you money in this way. They can’t enforce the high rates of interest they are trying to charge. You can’t be legally made to pay back the money and you have not broken the law if you don't pay i...",https://www.citizensadvice.org.uk/debt-and-money/action-your-creditor-can-take/harassment-by-creditors/
Inheritance tax,"You have to inform HMRC of the death, in case inheritance tax needs to be paid. You do not have to do this if the estate is an ‘excepted estate’.",https://www.citizensadvice.org.uk/family/death-and-wills/dealing-with-the-financial-affairs-of-someone-who-has-died/
Inherited property,"When someone dies, another person inherits or buys their property. You’ll need to update the property records to show who now owns the property. You can update property records on GOV.UK. If you sell the property you’ll probably need the help of a conveyancer. A conveyancer is a legal professional who specialises in transferring property.",https://www.citizensadvice.org.uk/family/death-and-wills/dealing-with-the-financial-affairs-of-someone-who-has-died/
Inquests,An inquest is a legal inquiry into a death. Only a coroner can order an inquest and relatives have no right to insist on one. It is held in public (sometimes with a jury) by a coroner where the death was violent or unnatural or took place in prison or police custody or where the cause of death is still uncertain after a post-mortem. An inquest may take place into a death which took place abroad if the body has been returned to the UK.,https://www.citizensadvice.org.uk/family/death-and-wills/what-to-do-after-a-death/
Interim charging orders  ,"An interim charging order is usually made by a court officer without a hearing. There'll only be a hearing with a judge if either: If the decision is made by a court officer, your creditor has to send you a copy of the interim order within 21 days of the order being made. Your creditor should also send a copy of the interim order to:",https://www.citizensadvice.org.uk/debt-and-money/action-your-creditor-can-take/charging-orders/
Islamic mortgage  ,"With an Islamic mortgage, none of the monthly payments includes interest. Instead, the lender makes a charge for lending you the capital to buy your property which can be recovered in one of a number of different ways, for example, by charging you rent. You can find further information on this type of mortgage from the Money Advice Service website atwww.moneyadviceservice.org.uk.",https://www.citizensadvice.org.uk/housing/buying-and-selling-a-home/buying-a-home/
Job seeker's allowance,"You might be able to get 'new style' Jobseeker’s Allowance (JSA) for up to 6 months while you look for a job. You can get it while you’re out of work, or if you’re working less than 16 hours a week. ou'll usually need to show you're looking for a full time job to claim new style JSA - this is 35 hours or more a week. You can look for a job with fewer hours and still be eligible if: you're a carer; you’re responsible for children aged under 13; you can’t work full time because of a disability or illness. ",https://www.citizensadvice.org.uk/benefits/help-if-on-a-low-income/jobseekers-allowance-jsa/before-you-claim-jsa/check-if-you-can-get-jsa/
Jointly-owned property  ,"Couples may jointly own their home. There are two different ways of jointly owning a home. These are beneficial joint tenancies and tenancies in common. If the partners were beneficial joint tenants at the time of the death, when the first partner dies, the surviving partner will automatically inherit the other partner's share of the property. However, if the partners are tenants in common, the surviving partner does not automatically inherit the other person's share. ",https://www.citizensadvice.org.uk/family/death-and-wills/who-can-inherit-if-there-is-no-will-the-rules-of-intestacy/
Jury service  ,"Your employer must give you time off for jury service, unless it would cause a serious problem for them. They could be fined for contempt of court if they refuse to give you time off for jury service, even if you’re self-employed.",https://www.citizensadvice.org.uk/work/time-off-work/time-off-work-overview/
Lasting power of attorney,"If you want someone to look after your affairs for a long period of time, you can give them a lasting power of attorney (LPA). An LPA is different from an ordinary power of attorney because: The LPA replaces the enduring power of attorney (EPA) – see under headingEnduring power of attorney.",https://www.citizensadvice.org.uk/family/looking-after-people/managing-affairs-for-someone-else/
Letters of administration,"In some circumstances, someone who wants to deal with the estate of someone who has died will have to apply for letters of administration, rather than probate. This person is called anadministrator. You have to apply for letters of administration if: There are strict rules about who can be an administrator. If there is a valid will, you can apply for letters of administration if: If there is no valid will, and you are the next-of-kin, you can apply to be an administrator in the following order of priority:",https://www.citizensadvice.org.uk/family/death-and-wills/dealing-with-the-financial-affairs-of-someone-who-has-died/
Local council care,"You can only be taken into care if you are under 18 and the local council has obtained a court order. You have a right to know why you are in care, under which law and how long you are likely to remain there. You can be accommodated by a local council without a court order if a parent requests it or gives permission. However, the local council must take your wishes into account.",https://www.citizensadvice.org.uk/family/children-and-young-people/young-people-and-family/
Marriage,"In the United Kingdom, opposite sex couples can marry in a civil or religious ceremony. Same sex couples can marry in a civil ceremony, but can only get married in a religious ceremony if the religious organisation has agreed to marry same sex couples. Same sex couples cannot marry in the Church of England or the Church in Wales. Same sex couples who marry abroad under foreign law are recognised as being married in England and Wales. All couples can marry if they're both aged 18 or over and are free to marry, that is, if they're single, widowed or divorced, or if they were in a civil partnership which has been dissolved.",https://www.citizensadvice.org.uk/family/children-and-young-people/young-people-and-family/
Marriages by proxy  ,"A marriage by proxy is one where one or both partners are not physically present at the ceremony. Marriages taking place under United Kingdom law are not valid if they are by proxy. However, United Kingdom law may in some circumstances consider a proxy marriage to be valid if both of the partners are ‘domiciled’ in a country which recognises marriages by proxy. The concept of ‘domicile’ is very complicated. If you need to know about the validity of a marriage by proxy you will need to get specialist legal advice. You canfind a solicitoron the Resolution website.",https://www.citizensadvice.org.uk/family/living-together-marriage-and-civil-partnership/getting-married/
Mediation,"Mediation is a way of sorting any differences between you and your ex-partner, with the help of a third person who won’t take sides. The third person is called a mediator. They can help you reach an agreement about issues with money, property or children.",https://www.citizensadvice.org.uk/family/how-to-separate1/mediation-to-help-you-separate/
Medical consent,"Nobody is entitled to give consent to medical treatment for another adult. However, in practice, doctors do usually discuss decisions with the patient's family and this should not usually rule out a partner who lives with you but is not your civil partner.",https://www.citizensadvice.org.uk/family/living-together-marriage-and-civil-partnership/living-together-and-civil-partnership-legal-differences/
Miscarriages and pregnancy loss  ,"You don't need to register the loss of a baby if the pregnancy ends before 24 weeks. If a baby lives for even a short time after being born, someone might need to register the birth and death. For more information, seeNeonatal and perinatal deaths. You can get a baby loss certificate in memory of your baby if the pregnancy ended either:",https://www.citizensadvice.org.uk/family/death-and-wills/what-to-do-after-a-death/
Nationality and immigration  ,The law on nationality and immigration is complicated.,https://www.citizensadvice.org.uk/law-and-courts/civil-rights/young-people-s-rights/
Neonatal and perinatal deaths  ,"If the baby lives for even a short time after being born and then dies, this is called a neonatal or perinatal death. A neonatal death is where the baby dies within 28 days of being born, whatever the length of the pregnancy. A perinatal death is where the baby is born after the 24th week of pregnancy, but dies within 7 days of being born.",https://www.citizensadvice.org.uk/family/death-and-wills/what-to-do-after-a-death/
New Build Ownership  ,"This scheme provides help to eligible first time buyers on middle incomes who cannot afford to purchase a suitable home without help. You must be able to meet the long-term financial commitment of home ownership. Consideration may be given, on a case by case basis, to first time buyers ‘in their own right’, for example, if you have sold your jointly owned property as a result of divorce. The properties are for sale on a shared equity basis. You must show that you can afford to purchase approximately 50-70% of the purchase price through a mortgage, savings, or a combination of both. Homeswithin...",https://www.citizensadvice.org.uk/housing/buying-and-selling-a-home/buying-a-home/
Next of kin,"In some situations, for example, when you go into hospital or complete a life insurance form, you may be asked to give the name of your next of kin. Next of kin has no legal meaning but, in practice, hospitals and other organisations generally recognise spouses and close blood relatives as next of kin. However, sometimes couples who live together aren't recognised as being next of kin.",https://www.citizensadvice.org.uk/family/living-together-marriage-and-civil-partnership/living-together-and-marriage-legal-differences/
Non-binary,‘Non-binary’ describes people who don’t identify as a man or a woman. The law says you have the protected characteristic of gender reassignment if you’re transitioning between sexes. It doesn’t mention gender or gender identity. ,
Non-molestation order,"If your ex-partner is threatening, violent or abusive, you might urgently need them to move out so you can stay in your home and be safe. You should apply for a 'non-molestation order' to protect you or your children from being harmed by your ex-partner.",https://www.citizensadvice.org.uk/family/if-you-were-living-together/your-ex-partner-is-trying-to-make-you-leave/
Notice and eviction  ,"Your landlord can only evict you by getting a possession order from the court. Your landlord doesn't have to give the court a reason as to why they want to evict you and the court will make a possession order as long as your landlord has followed the correct legal process. You have the right to stay in your accommodation until the court bailiffs enforce the possession order and evict you. However, if you do stay until this happens, you still have to pay rent and you may also have to pay the cost of the legal proceedings. If you have a periodic agreement, that is, one that runs from one rent pe...",https://www.citizensadvice.org.uk/housing/university-accommodation/student-housing-rights-and-responsibilities-in-halls/
Occupation order,"If your ex-partner is threatening, violent or abusive, you might urgently need them to move out so you can stay in your home and be safe. You should apply for an 'occupation order' to give you the right to stay in your home, get your ex-partner to leave and stop them coming back",https://www.citizensadvice.org.uk/family/if-you-were-living-together/your-ex-partner-is-trying-to-make-you-leave/
Ordinary power of attorney  ,"If you want someone to look after your financial affairs for a temporary period, you can give them an ordinary power of attorney. You might want to give someone an ordinary power of attorney if: You should not use an ordinary power of attorney if: This is because you won't be able to continue using an ordinary power of attorney if you lose your mental capacity.",https://www.citizensadvice.org.uk/family/looking-after-people/managing-affairs-for-someone-else/
Outright possession orders  ,"An outright possession order might have been granted for one of the following reasons: An outright possession order will say that you have to leave the property by a certain date. If you don’t leave by this date, your landlord will need to apply for a ‘warrant of eviction’. It might be possible to persuade your landlord not to apply for the warrant of eviction. For example, your financial circumstances might have changed or your Housing Benefit or Universal Credit housing costs claim might have come through so you can pay the arrears.",https://www.citizensadvice.org.uk/debt-and-money/rent-arrears/eviction-for-rent-arrears-debt-and-money/
Paid holiday  ,You’re usually entitled to a minimum of 5.6 weeks' paid holiday a year. You cancheck if you’re entitled to holiday pay.,https://www.citizensadvice.org.uk/work/time-off-work/time-off-work-overview/
Paid sick leave  ,You might be entitled to sick pay when you’re off sick or can’t work because of an injury. It depends on your employment status. You cancheck if you’re entitled to sick pay.,https://www.citizensadvice.org.uk/work/time-off-work/time-off-work-overview/
Parental responsibility,"Parents with parental responsibility are entitled to have a say in important decisions about a child's life such as the child's home, health, education, religion, name, money and property. Parental responsibility lasts until a child reaches 18.",https://www.citizensadvice.org.uk/family/living-together-marriage-and-civil-partnership/living-together-and-marriage-legal-differences/
Pension credit,"If you've reached State Pension age, you might be able to apply for Pension Credit. Pension Credit is a weekly benefit to boost your income. It’s based on how much money you have coming in. There are 2 parts to Pension Credit. They're called: Guarantee Credit, Savings Credit. You might get one or both parts.
Guarantee Credit tops up your weekly income to a minimum amount. Savings Credit is a small top-up for people who have a modest amount of income or savings. It’s only available if you reached State Pension age before 6 April 2016. If you think you won't get much Pension Credit, it could still be worth applying. If you get Pension Credit, you can usually get other benefits like a Council Tax Reduction.",https://www.citizensadvice.org.uk/benefits/help-if-on-a-low-income/pension-credit/before-you-claim-pension-credit/check-if-you-can-get-pension-credit/
Polygamous marriages,"A polygamous marriage is one where a man can marry more than one spouse. A polygamous marriage between partners, one or both of whom are domiciled in England or Wales is not valid. The concept of ‘domicile’ is very complex and does not necessarily mean ‘living in’ a country. If you need to know about the validity of a polygamous marriage, you should get specialist legal advice.",https://www.citizensadvice.org.uk/family/living-together-marriage-and-civil-partnership/getting-married/
Postponed possession orders  ,"A postponed possession order is similar to a suspended possession order. It means you’re allowed to stay in your home as long as you keep up the rent payments and pay back what you owe. If you don’t stick to this arrangement, your landlord can ask the court for permission to evict you. They’ll have to go through another procedure first though. This involves applying to the court for a possession date and then, once they've got this, applying for a warrant of eviction.",https://www.citizensadvice.org.uk/debt-and-money/rent-arrears/eviction-for-rent-arrears-debt-and-money/
Power of attorney,"When someone makes a power of attorney, they appoint someone else to act on their behalf. The person making the power of attorney is called adonorand the person appointed to act on their behalf is called anattorney. A power of attorney gives the attorney the legal authority to deal with third parties such as banks or the local council. Some types of power of attorney also give the attorney the legal power to make a decision on behalf of someone else such as where they should live or whether they should see a doctor.",https://www.citizensadvice.org.uk/family/looking-after-people/managing-affairs-for-someone-else/
Pre-nuptial and post-nuptial agreements,A pre-nuptial agreement is a contract entered into before marriage which outlines how a couple wish to divide their money and property if they get divorced. A post-nuptial agreement is similar but entered into after marriage. Pre-nuptial and post-nuptial agreements can be legally binding unless considered to be unfair by the court. You should get advice from a solicitor before you make an agreement. ,https://www.citizensadvice.org.uk/family/living-together-marriage-and-civil-partnership/getting-married/
Pre-registration agreements  ,"As civil partners, you may choose to draw up an agreement, known as apre-registration agreement, before you register your partnership. A pre-registration agreement can set out your rights and obligations towards each other and, in particular, what should happen if your relationship breaks down. It can include arrangements for children and your personal possessions, for example, the family home and any pensions. Both of you should get independent legal advice when you make an agreement. A pre-registration agreement is not legally binding but could influence the courts if they get involved when ...",https://www.citizensadvice.org.uk/family/living-together-marriage-and-civil-partnership/living-together-and-civil-partnership-legal-differences/
Private arrangement,"You can arrange child maintenance directly with each other. This is called making a private or ‘family-based’ arrangement. You don’t have to follow any rules for a private arrangement. You can include whatever you want in it as long as you both agree. For example, you could agree one of you will cover the cost of a holiday or school uniforms instead of making regular payments.",https://www.citizensadvice.org.uk/family/children-and-young-people/child-maintenance1/making-a-private-child-maintenance-arrangement/agreeing-maintenance-between-you/
Probate,"If you are named in someone's will as an executor, you may have to apply for probate. This is a legal document which gives you the authority to share out the estate of the person who has died according to the instructions in the will. You do not always need probate to be able to deal with the estate. If you've been named in a will as an executor, you don't have to act if you don't want to.",https://www.citizensadvice.org.uk/family/death-and-wills/dealing-with-the-financial-affairs-of-someone-who-has-died/
Religion  ,"Someone with parental responsibility for a child has the right to choose which religion, if any, a child or young person should follow at home or at school. However, a child or young person may choose their own religion when they have sufficient understanding. If a parent considers the child's chosen religion to be harmful, they can try to stop the child taking part by taking court action. There is a general requirement on schools to provide religious education but it is possible for an individual child to be withdrawn from religious education.",https://www.citizensadvice.org.uk/law-and-courts/civil-rights/young-people-s-rights/
Religious marriage ceremonies,If you’re getting married with the Church of England or the Church in Wales you don't have to give notice of the marriage to the Register Office. If you or your partner is from outside the UK ask your vicar if you need to give 28 days notice to the Register Office. For other religious marriages you'll need to give 28 days notice of the marriage to the Register Office. Ministers and priests of all other religions can be authorised to register marriages and must have a certificate or licence to do so from the local Superintendent Registrar.,https://www.citizensadvice.org.uk/family/living-together-marriage-and-civil-partnership/getting-married/
Remarriage/second marriage  ,"As long as the legal requirements described earlier are met, there is nothing to prevent you from marrying again in a civil ceremony in the UK if you are widowed or divorced or if you were in a civil partnership that has been dissolved. Religions have different rules about whether someone can remarry in a religious ceremony. If you or your partner has been married before, or has been in a civil partnership that is now dissolved, and you want a religious ceremony, you will need to check with an official of the relevant religion.",https://www.citizensadvice.org.uk/family/living-together-marriage-and-civil-partnership/getting-married/
Rent increases  ,"If your rental agreement has an end date, you'll have a fixed-term agreement. If you’re on a fixed-term agreement, your landlord can only increase your rent if there’s a clause that allows it. This is called the ‘rent review clause’. If you’re not on a fixed-term agreement, your landlord can increase your rent whenever they want.",https://www.citizensadvice.org.uk/housing/excluded-occupiers-and-basic-protection/check-your-rights-if-youre-an-excluded-occupier/
Responsibility for children,"Not everyone who lives with or looks after a child has an automatic legal responsibility for that child. Having legal responsibility for a child is calledparental responsibility. It means that you can have a say in your child's healthcare, education, welfare and in whether your child can be taken abroad. A woman who has given birth to a child has automatic parental responsibility. So does a man who was married to or in a civil partnership with the mother at the time of the birth, although he can get parental responsibility in other ways too.",https://www.citizensadvice.org.uk/family/living-together-marriage-and-civil-partnership/living-together-and-civil-partnership-legal-differences/
Rules of intestacy,"When a person dies without leaving a will, their estate has to be shared out according to certain rules. These are called the 'rules of intestacy'. A person’s estate is made up of their money and property. If a person dies without leaving a will, they’re called an ‘intestate person’. Usually married partners, civil partners, and some relatives can inherit under the rules of intestacy.",https://www.citizensadvice.org.uk/family/death-and-wills/who-can-inherit-if-there-is-no-will-the-rules-of-intestacy/
Sexual assault,"Sexual assault is when someone intentionally touches you without your consent. It wouldn’t count as consent if: you were subjected to violence or threats of violence
violence or threats of violence were made against someone else to force you to consent, you were asleep, unconscious, drugged or incapacitated by alcohol, or your disability meant you were not able to communicate your lack of consent.",https://www.citizensadvice.org.uk/family/gender-violence/rape-and-sexual-assault/
Skilled worker visas  ,"The rules for skilled worker visas changed in July 2025. You’ll now usually only get a new skilled worker visa if you need a degree-level qualification to do your job. The government have said there will be exceptions until the end of 2026. You'll be able to apply for jobs in sectors with staff shortages, even if they don't need a degree-level qualification. If you get a visa in this situation, you will not be able to bring your family to the UK as dependants.Check which jobs are in sectors with staff shortages on GOV.UK. From 8 January 2026, you'll have to show you have a higher level of Engl...",https://www.citizensadvice.org.uk/immigration/how-changes-to-immigration-rules-might-affect-you/
Spousal maintenance,"If your marriage or civil partnership ends, you can ask for financial support - known as ‘spousal maintenance’ - from your ex-partner as soon as you separate. If you have a court order for financial support - also known as ‘ancillary relief’ - your maintenance will normally stop when you remarry or start a civil partnership.",https://www.citizensadvice.org.uk/family/sorting-out-money/financial-support-when-you-separate/
Stillbirths  ,"A stillbirth is a birth after the 24th week of pregnancy where the child is not born alive. A doctor or midwife will issue a medical certificate of stillbirth, giving the cause. The parents must present the certificate to the Registrar of Births and Deaths within 42 days of the baby's delivery. In Scotland, the time limit is 21 days. If the parents are married, the registrar will need details of both parents. If the parents are not married, only the details of the mother are required but the father can give his details.",https://www.citizensadvice.org.uk/family/death-and-wills/what-to-do-after-a-death/
Student grants  ,"The rules about student grants are the same whether you are living together with your partner or have registered a civil partnership. Your partner’s income is taken into account when deciding whether you are entitled to a student grant. However, your partner's income is ignored when deciding whether you qualify for a student loan.",https://www.citizensadvice.org.uk/family/living-together-marriage-and-civil-partnership/living-together-and-civil-partnership-legal-differences/
Student loans  ,"There are two types of student loans - one for tuition fees and one for maintenance. You can take out a student loan for tuition fees, regardless of the income of your civil partner or partner who lives with you. All eligible full-time students can get a student loan for maintenance, but the exact amount you can borrow will depend on several things, which may include the income of your partner.",https://www.citizensadvice.org.uk/family/living-together-marriage-and-civil-partnership/living-together-and-civil-partnership-legal-differences/
Supervision order,"Your local council can apply for a supervision order if they think your child is suffering significant harm, because you and your child’s other parent aren’t giving your child the right amount or kind of care can’t control your child’s behaviour.",https://www.citizensadvice.org.uk/family/children-and-young-people/protecting-children/court-orders-to-protect-children/
Suspended possession orders  ,"If your landlord was granted a suspended possession order, you’ll be allowed to stay in your home as long as you keep up the rent payments and pay back anything you owe. If you don’t stick to this arrangement, your landlord can apply for the court to issue a warrant of eviction. If the suspended possession order was made more than 6 years ago your landlord would first need to ask the court's permission to apply for a warrant of eviction. Your landlord doesn’t have to tell you that they’ve applied for the warrant. It might be possible to persuade your landlord not to apply for the warrant of ev...",https://www.citizensadvice.org.uk/debt-and-money/rent-arrears/eviction-for-rent-arrears-debt-and-money/
Tenants in common  ,"If you own your property as tenants in common, this means that it belongs to you and the other owner(s)jointly, but that you all also own a specific share of its value. It is up to you to decide how much each share will be. You can give away, sell or mortgage your share. If you die, your share of the property does not pass automatically to the other owner(s). You can leave your share to whoever you like in your will. In England and Wales, for more information about owning your property jointly, see the GOV.UK website atwww.gov.uk.",https://www.citizensadvice.org.uk/housing/buying-and-selling-a-home/buying-a-home/
Trade union  ,Unions can sometimes offer free legal help such as finding and paying for a solicitor - and not just for work problems. Speak to your shop steward or workplace representative or contact your union's head office to see if they can give you free legal help.,https://www.citizensadvice.org.uk/law-and-courts/legal-system/finding-free-or-affordable-legal-help/
Trade Unions  ,"If you're a member of a trade union, you should contact them to see if they can help with your problem at work, before trying to find help elsewhere. There might be a union representative in your workplace, or you might need to contact your local branch.",https://www.citizensadvice.org.uk/work/getting-help/what-help-can-i-get-with-a-problem-at-work/
Transgender people  ,"As a trans person, you have the protected characteristic of ‘gender reassignment’. Gender reassignment means you: are planning to transition from the sex you were assigned at birth to a different sex, are in the process of transitioning, have already transitioned. Transitioning could include things like changing your name, pronouns or the way you dress - you don’t need to have had medical treatment or a gender recognition certificate. A transgender person who has applied for and has been granted a full gender recognition certificate by the Gender Recognition Panel can get a new birth certificate which reflects their acquired gender. In England and Wales, they will then be able to marry someone of the opposite or same gender to their acquired gender. However, if a transgender person does not have a gender recognition certificate, they are legally considered to be the gender that is on their original birth certificate.",https://www.citizensadvice.org.uk/law-and-courts/discrimination/check-if-youre-protected-from-discrimination/transgender-discrimination-by-a-business/
Universal credit,"Universal Credit is the main benefit for most people of working age. You should check if you can get Universal Credit if: you’re over 18 and under State Pension age, you have less than £16,000 in savings or other investments. It's worth checking if you can get Universal Credit, even if you work full-time. There’s no set amount of income where you stop being eligible for Universal Credit - it depends on your situation. If you find it difficult to work because you’re sick or disabled, you might get more Universal Credit or not have to look for work. ",https://www.citizensadvice.org.uk/benefits/benefits-introduction/what-benefits-can-i-get/
Welfare benefits  ,"All couples, whether married or living together are treated in the same way when they are assessed for entitlement to most welfare benefits. If they are claiming means-tested benefits, they will usually be expected to claim as a couple, and the income, savings and financial needs of both partners are taken into account. There are different rules for different benefits. To find out more about a particular welfare benefit,see the Benefits section.",https://www.citizensadvice.org.uk/family/living-together-marriage-and-civil-partnership/living-together-and-marriage-legal-differences/
Wills  ,"If you are under 18, you cannot make a valid will unless you are in the armed forces or a seafarer. No one under the age of 18 can act as a trustee, executor or administrator of a will.",https://www.citizensadvice.org.uk/family/children-and-young-people/young-people-and-family/